<?xml version="1.0" encoding="UTF-8"?>
<!DOCTYPE mapper PUBLIC "-//mybatis.org//DTD Mapper 3.0//EN" "http://mybatis.org/dtd/mybatis-3-mapper.dtd">
<mapper namespace="com.example.springbootcodegenerator.tyc.mapper.UserInfoMapper">


    <delete id="deleteAll">
        delete
        from user_info
        where id in
        <foreach collection="ids" item="id" separator="," open="(" close=")">
            #{id}
        </foreach>
    </delete>

    <update id="update">
        update user_info
        <set>
            <if test="userId != null">
            user_id = #{userId}, 
            </if>
            <if test="userName != null">
            user_name = #{userName}, 
            </if>
            <if test="status != null">
            status = #{status}
            </if>
        </set>
        where id = #{id}
    </update>

</mapper>
